DSC00026.JPG,B
DSC00028.JPG,B
DSC00032.JPG,B
DSC00034.JPG,B
DSC00035.JPG,H
DSC00041.JPG,B
DSC00042.JPG,B
DSC00043.JPG,B
DSC00044.JPG,H
DSC00045.JPG,B
DSC00046.JPG,B
DSC00050.JPG,B
DSC00078.JPG,H
DSC00083.JPG,H
DSC00084.JPG,H
DSC00088.JPG,B
DSC00089.JPG,B
DSC00090.JPG,B
DSC00091.JPG,B
DSC00097.JPG,H
DSC00098.JPG,H
DSC00102.JPG,H
DSC00103.JPG,B
DSC00104.JPG,B
DSC00105.JPG,H
DSC00106.JPG,B
DSC00107.JPG,H
DSC00110.JPG,B
DSC00111.JPG,H
DSC00116.JPG,B
DSC00117.JPG,B
DSC00120.JPG,B
DSC00121.JPG,B
DSC00122.JPG,B
DSC00124.JPG,B
DSC00125.JPG,B
DSC00133.JPG,B
DSC00137.JPG,B
DSC00138.JPG,B
DSC00139.JPG,B
DSC00141.JPG,B
DSC00143.JPG,B
DSC00144.JPG,B
DSC00145.JPG,B
DSC00151.JPG,H
DSC00153.JPG,B
DSC00154.JPG,B
DSC00156.JPG,H
DSC00164.JPG,B
DSC00168.JPG,B
DSC00170.JPG,B
DSC00171.JPG,B
DSC00172.JPG,B
DSC00173.JPG,B
DSC00175.JPG,H
DSC00176.JPG,B
DSC00178.JPG,H
DSC00179.JPG,B
DSC00183.JPG,B
DSC00184.JPG,B
DSC00185.JPG,B
DSC00188.JPG,H
DSC00189.JPG,B
DSC00190.JPG,B
DSC00193.JPG,B
DSC00194.JPG,B
DSC00195.JPG,B
DSC00196.JPG,B
DSC00198.JPG,H
DSC00199.JPG,B
DSC00201.JPG,B
DSC00202.JPG,B
DSC00204.JPG,H
DSC00205.JPG,B
DSC00206.JPG,H
DSC00208.JPG,H
DSC00209.JPG,H
DSC00210.JPG,B
DSC00211.JPG,B
DSC00212.JPG,B
DSC00213.JPG,B
DSC00214.JPG,B
DSC00215.JPG,B
DSC00216.JPG,B
DSC00217.JPG,B
DSC00218.JPG,B
DSC00219.JPG,B
DSC00220.JPG,B
DSC00221.JPG,B
DSC00222.JPG,B
DSC00223.JPG,B
DSC00224.JPG,B
DSC00225.JPG,B
DSC00227.JPG,B
DSC00228.JPG,B
DSC00229.JPG,B
DSC00230.JPG,B
DSC00231.JPG,H
DSC00232.JPG,B
DSC00233.JPG,B
DSC00234.JPG,B
DSC00235.JPG,B
DSC00236.JPG,B
DSC00237.JPG,B
DSC00240.JPG,B
DSC00241.JPG,H
DSC00242.JPG,B
DSC00243.JPG,B
DSC00244.JPG,B
DSC00245.JPG,B
DSC00257.JPG,B
DSC00258.JPG,B
DSC00259.JPG,B
DSC00260.JPG,B
DSC00265.JPG,H
DSC00267.JPG,H
DSC00268.JPG,H
DSC00269.JPG,B
DSC00270.JPG,B
DSC00272.JPG,H
DSC00273.JPG,B
DSC00274.JPG,B
DSC00275.JPG,B
DSC00300.JPG,H
DSC00303.JPG,H
DSC00305.JPG,H
DSC00306.JPG,H
DSC00308.JPG,H
DSC00309.JPG,B
DSC00310.JPG,B
DSC00311.JPG,B
DSC00312.JPG,B
DSC00313.JPG,H
DSC00314.JPG,B
DSC00316.JPG,H
DSC00317.JPG,B
DSC00318.JPG,B
DSC00319.JPG,B
DSC00320.JPG,H
DSC00321.JPG,H
DSC00322.JPG,H
DSC00323.JPG,H
DSC00324.JPG,B
DSC00325.JPG,B
DSC00326.JPG,B
DSC00328.JPG,B
DSC00329.JPG,B
DSC00331.JPG,H
DSC00332.JPG,H
DSC00333.JPG,B
DSC00334.JPG,B
DSC00335.JPG,B
DSC00338.JPG,H
DSC00339.JPG,B
DSC00340.JPG,B
DSC00341.JPG,H
DSC00342.JPG,B
DSC00343.JPG,B
DSC00344.JPG,B
DSC00345.JPG,B
DSC00346.JPG,B
DSC00348.JPG,B
DSC00349.JPG,B
DSC00350.JPG,B
DSC00351.JPG,B
DSC00352.JPG,B
DSC00353.JPG,B
DSC00354.JPG,B
DSC00355.JPG,B
DSC00357.JPG,B
DSC00358.JPG,B
DSC00359.JPG,B
DSC00360.JPG,B
DSC00361.JPG,B
DSC00455.JPG,B
DSC00456.JPG,B
DSC00457.JPG,H
DSC00470.JPG,B
DSC00471.JPG,B
DSC00472.JPG,B
DSC00473.JPG,H
DSC00476.JPG,H
DSC00477.JPG,B
DSC00478.JPG,H
DSC00479.JPG,B
DSC00480.JPG,B
DSC00481.JPG,H
DSC00482.JPG,H
DSC00483.JPG,H
DSC00484.JPG,B
DSC00485.JPG,B
DSC00486.JPG,B
DSC00487.JPG,B
DSC00488.JPG,B
DSC00489.JPG,H
DSC00490.JPG,H
DSC00491.JPG,B
DSC00492.JPG,H
DSC00493.JPG,H
DSC00494.JPG,H
DSC00495.JPG,B
DSC00496.JPG,B
DSC00497.JPG,H
DSC00498.JPG,B
DSC00499.JPG,H
DSC00501.JPG,B
DSC00502.JPG,H
DSC00503.JPG,H
DSC00504.JPG,H
DSC00505.JPG,B
DSC00506.JPG,B
DSC00508.JPG,B
DSC00510.JPG,H
DSC00511.JPG,B
DSC00512.JPG,B
DSC00513.JPG,H
DSC00514.JPG,H
DSC00515.JPG,B
DSC00516.JPG,B
DSC00517.JPG,B
DSC00518.JPG,B
DSC00524.JPG,B
DSC00525.JPG,B
DSC00526.JPG,B
DSC00528.JPG,H
DSC00529.JPG,B
DSC00530.JPG,B
DSC00532.JPG,B
DSC00536.JPG,B
DSC00537.JPG,B
DSC00539.JPG,B
DSC00540.JPG,B
DSC00541.JPG,B
DSC00542.JPG,B
DSC00544.JPG,H
DSC00545.JPG,H
DSC00546.JPG,H
DSC00547.JPG,H
DSC00548.JPG,H
DSC00549.JPG,H
DSC00551.JPG,H
DSC00552.JPG,H
DSC00553.JPG,H
DSC00554.JPG,H
DSC00555.JPG,H
DSC00556.JPG,H
DSC03022.JPG,B
DSC03023.JPG,B
DSC03024.JPG,B
DSC03025.JPG,H
DSC03027.JPG,B
DSC03028.JPG,B
DSC03029.JPG,B
DSC03030.JPG,B
DSC03031.JPG,B
DSC03032.JPG,B
DSC03033.JPG,B
DSC03034.JPG,B
DSC03035.JPG,B
DSC03036.JPG,B
DSC03037.JPG,B
DSC03040.JPG,B
DSC03041.JPG,B
DSC03042.JPG,B
DSC03044.JPG,B
DSC03045.JPG,B
DSC03046.JPG,B
DSC03047.JPG,B
DSC03049.JPG,B
DSC03050.JPG,B
DSC03051.JPG,B
DSC03052.JPG,B
DSC03058.JPG,B
DSC03059.JPG,B
DSC03061.JPG,B
DSC03062.JPG,B
DSC03063.JPG,B
DSC03065.JPG,B
DSC03067.JPG,B
DSC03068.JPG,B
DSC03069.JPG,B
DSC03070.JPG,B
DSC03071.JPG,B
DSC03072.JPG,B
DSC03074.JPG,B
DSC03076.JPG,B
DSC03077.JPG,B
DSC03078.JPG,B
DSC03080.JPG,B
DSC03081.JPG,B
DSC03084.JPG,B
DSC03089.JPG,B
DSC03090.JPG,B
DSC03091.JPG,B
DSC03092.JPG,B
DSC03093.JPG,B
DSC03095.JPG,B
DSC03096.JPG,B
DSC03098.JPG,B
DSC03099.JPG,B
DSC03100.JPG,B
DSC03102.JPG,B
DSC03104.JPG,B
DSC03105.JPG,B
DSC03107.JPG,B
DSC03108.JPG,B
DSC03109.JPG,B
DSC03113.JPG,B
DSC03114.JPG,B
DSC03116.JPG,B
DSC03117.JPG,B
DSC03118.JPG,B
DSC03120.JPG,B
DSC03121.JPG,B
DSC03122.JPG,B
DSC03123.JPG,B
DSC03124.JPG,B
DSC03125.JPG,B
DSC03127.JPG,B
DSC03129.JPG,B
DSC03131.JPG,B
DSC03132.JPG,B
DSC03133.JPG,B
DSC03134.JPG,B
DSC03135.JPG,B
DSC03136.JPG,B
DSC03138.JPG,B
DSC03139.JPG,B
DSC03140.JPG,B
DSC03141.JPG,B
DSC03143.JPG,B
DSC03145.JPG,B
DSC03147.JPG,B
DSC03149.JPG,B
DSC03150.JPG,B
DSC03151.JPG,B
DSC03152.JPG,B
DSC03153.JPG,B
DSC03155.JPG,B
DSC03156.JPG,B
DSC03157.JPG,B
DSC03158.JPG,B
DSC03159.JPG,B
DSC03160.JPG,B
DSC03161.JPG,B
DSC03162.JPG,B
DSC03163.JPG,B
DSC03164.JPG,B
DSC03165.JPG,B
DSC03166.JPG,B
DSC03167.JPG,B
DSC03168.JPG,B
DSC03170.JPG,B
DSC03171.JPG,B
DSC03172.JPG,B
DSC03173.JPG,B
DSC03174.JPG,B
DSC03177.JPG,B
DSC03180.JPG,B
DSC03181.JPG,B
DSC03183.JPG,B
DSC03184.JPG,B
DSC03187.JPG,B
DSC03189.JPG,B
DSC03190.JPG,B
DSC03192.JPG,B
DSC03193.JPG,B
DSC03195.JPG,B
DSC03197.JPG,B
DSC03198.JPG,B
DSC03617.JPG,H
DSC03618.JPG,H
DSC03619.JPG,H
DSC03620.JPG,H
DSC03621.JPG,H
DSC03622.JPG,H
DSC03623.JPG,H
DSC03624.JPG,H
DSC03625.JPG,H
DSC03626.JPG,H
DSC03627.JPG,H
DSC03628.JPG,H
DSC03629.JPG,H
DSC03630.JPG,H
DSC03631.JPG,H
DSC03632.JPG,H
DSC03633.JPG,H
DSC03634.JPG,H
DSC03635.JPG,H
DSC03636.JPG,H
DSC03637.JPG,H
DSC03638.JPG,H
DSC03639.JPG,H
DSC03640.JPG,H
DSC03641.JPG,H
DSC03642.JPG,H
DSC03643.JPG,H
DSC03644.JPG,H
DSC03645.JPG,H
DSC03646.JPG,H
DSC03647.JPG,H
DSC03648.JPG,H
DSC03649.JPG,H
DSC03650.JPG,H
DSC03651.JPG,H
DSC03652.JPG,H
DSC03653.JPG,H
DSC03654.JPG,H
DSC03655.JPG,H
DSC03656.JPG,H
DSC03657.JPG,H
DSC03658.JPG,H
DSC03659.JPG,H
DSC03661.JPG,H
DSC03662.JPG,H
DSC03663.JPG,H
DSC03664.JPG,H
DSC03665.JPG,H
DSC03666.JPG,H
DSC03667.JPG,H
DSC03668.JPG,H
DSC03669.JPG,H
DSC03670.JPG,H
DSC03671.JPG,H
DSC03672.JPG,H
DSC03673.JPG,H
DSC03674.JPG,H
DSC03675.JPG,H
DSC03676.JPG,H
DSC03677.JPG,H
DSC03678.JPG,H
DSC03679.JPG,H
DSC03680.JPG,H
DSC03681.JPG,H
DSC03682.JPG,H
DSC03683.JPG,H
DSC03684.JPG,H
DSC03685.JPG,H
DSC03686.JPG,H
DSC03687.JPG,H
DSC03688.JPG,H
DSC03689.JPG,H
DSC03690.JPG,H
DSC03691.JPG,H
DSC03692.JPG,H
DSC03693.JPG,H
DSC03694.JPG,H
DSC03695.JPG,H
DSC03696.JPG,H
DSC03697.JPG,H
DSC03698.JPG,H
DSC03699.JPG,H
DSC03700.JPG,H
DSC03701.JPG,H
DSC03702.JPG,H
DSC03703.JPG,H
DSC03704.JPG,H
DSC03705.JPG,H
DSC03706.JPG,H
DSC03707.JPG,H
DSC03708.JPG,H
DSC03709.JPG,H
DSC03710.JPG,H
DSC03711.JPG,H
DSC03712.JPG,H
DSC03713.JPG,H
DSC03714.JPG,H
DSC03715.JPG,H
DSC03716.JPG,H
DSC03717.JPG,H
DSC03718.JPG,H
DSC03719.JPG,H
DSC03720.JPG,H
DSC03721.JPG,H
DSC03722.JPG,H
DSC03723.JPG,H
DSC03724.JPG,H
DSC03725.JPG,H
DSC03726.JPG,H
DSC03727.JPG,H
DSC03728.JPG,H
DSC03729.JPG,H
DSC03730.JPG,H
DSC03731.JPG,H
DSC03732.JPG,H
DSC03733.JPG,H
DSC03734.JPG,H
DSC03735.JPG,H
DSC03736.JPG,H
DSC03737.JPG,H
DSC03738.JPG,H
DSC03739.JPG,H
DSC03740.JPG,H
DSC03741.JPG,H
DSC03742.JPG,H
DSC03743.JPG,H
DSC03744.JPG,H
DSC03745.JPG,H
DSC03746.JPG,H
DSC03747.JPG,H
DSC03748.JPG,H
DSC03749.JPG,H
DSC03750.JPG,H
DSC03751.JPG,H
DSC03752.JPG,H
DSC03753.JPG,H
DSC03754.JPG,H
DSC03755.JPG,H
DSC03756.JPG,H
DSC03757.JPG,H
DSC03758.JPG,H
DSC03759.JPG,H
DSC03760.JPG,H
DSC03761.JPG,H
DSC03762.JPG,H
DSC03763.JPG,H
DSC03764.JPG,H
DSC03765.JPG,H
DSC03766.JPG,H
DSC03767.JPG,H
DSC03768.JPG,H
DSC03769.JPG,H
DSC03770.JPG,H
DSC03771.JPG,H
DSC03772.JPG,H
DSC03773.JPG,H
DSC03774.JPG,H
DSC03775.JPG,H
DSC03776.JPG,H
DSC03777.JPG,H
DSC03778.JPG,H
DSC03779.JPG,H
DSC03780.JPG,H
DSC03781.JPG,H
DSC03782.JPG,H
DSC03783.JPG,H
DSC03784.JPG,H
DSC03785.JPG,H
DSC03786.JPG,H
DSC03787.JPG,H
DSC03788.JPG,H
DSC03789.JPG,H
DSC03790.JPG,H
DSC03791.JPG,H
DSC03792.JPG,H
DSC03793.JPG,H
DSC03794.JPG,H
DSC03795.JPG,H
DSC03796.JPG,H
DSC03797.JPG,H
DSC03798.JPG,H
DSC03799.JPG,H
DSC03800.JPG,H
DSC03801.JPG,H
DSC03802.JPG,H
DSC03803.JPG,H
DSC03804.JPG,H
DSC03805.JPG,H
DSC03806.JPG,H
DSC03807.JPG,H
DSC03808.JPG,H
DSC03809.JPG,H
DSC03810.JPG,H
DSC03811.JPG,H
DSC03812.JPG,H
DSC03813.JPG,H
DSC03814.JPG,H
DSC03815.JPG,H
DSC03816.JPG,H
DSC03817.JPG,H
DSC03818.JPG,H
DSC03819.JPG,H
DSC03820.JPG,H
DSC03821.JPG,H
DSC03822.JPG,H
DSC03823.JPG,H
DSC03824.JPG,H
DSC03825.JPG,H
DSC03826.JPG,H
DSC03827.JPG,H
DSC03828.JPG,H
DSC03829.JPG,H
DSC03830.JPG,H
DSC03831.JPG,H
DSC03832.JPG,H
DSC03833.JPG,H
DSC03834.JPG,H
DSC03835.JPG,H
DSC03836.JPG,H
DSC03837.JPG,H
DSC03838.JPG,H
DSC03839.JPG,H
DSC03840.JPG,H
DSC03841.JPG,H
DSC03842.JPG,H
DSC03843.JPG,H
DSC03844.JPG,H
DSC03845.JPG,H
DSC03846.JPG,H
DSC03847.JPG,H
DSC03848.JPG,H
DSC03849.JPG,H
DSC03850.JPG,H
DSC03851.JPG,H
DSC03852.JPG,H
DSC03853.JPG,H
DSC03854.JPG,H
DSC03855.JPG,H
DSC03856.JPG,H
DSC03857.JPG,H
DSC03858.JPG,H
DSC03859.JPG,H
DSC03860.JPG,H
DSC03861.JPG,H
DSC03862.JPG,H
DSC03863.JPG,H
DSC03864.JPG,H
DSC03865.JPG,H
DSC03866.JPG,H
DSC03867.JPG,H
DSC03868.JPG,H
DSC03869.JPG,H
DSC03870.JPG,H
DSC03871.JPG,H
DSC03872.JPG,H
DSC03873.JPG,H
DSC03874.JPG,H
DSC03875.JPG,H
DSC03876.JPG,H
DSC03877.JPG,H
DSC03878.JPG,H
DSC03879.JPG,H
DSC03880.JPG,H
DSC03881.JPG,H
DSC03882.JPG,H
DSC03883.JPG,H
DSC03884.JPG,H
DSC03885.JPG,H
DSC03886.JPG,H
DSC03887.JPG,H
DSC03888.JPG,H
DSC03889.JPG,H
DSC03890.JPG,H
DSC03891.JPG,H
DSC03892.JPG,H
DSC03893.JPG,H
DSC03894.JPG,H
DSC03895.JPG,H
DSC03896.JPG,H
DSC03897.JPG,H
DSC03898.JPG,H
DSC03899.JPG,H
DSC03900.JPG,H
DSC03901.JPG,H
DSC03902.JPG,H
DSC03903.JPG,H
DSC03904.JPG,H
DSC03905.JPG,H
DSC03906.JPG,H
DSC03907.JPG,H
DSC03908.JPG,H
DSC03909.JPG,H
DSC03910.JPG,H
DSC03911.JPG,H
DSC03912.JPG,H
DSC03913.JPG,H
DSC03914.JPG,H
DSC03915.JPG,H
DSC03916.JPG,H
DSC03917.JPG,H
DSC03918.JPG,H
DSC03919.JPG,H
DSC03920.JPG,H
DSC03921.JPG,H
DSC03922.JPG,H
DSC03923.JPG,H
DSC03924.JPG,H
DSC03925.JPG,H
DSC03926.JPG,H
DSC03927.JPG,H
DSC03928.JPG,H
DSC03929.JPG,H
DSC03930.JPG,H
DSC03931.JPG,H
DSC03932.JPG,H
DSC03933.JPG,H
DSC03934.JPG,H
DSC03935.JPG,H
DSC03936.JPG,H
DSC03937.JPG,H
DSC03938.JPG,H
DSC03939.JPG,H
DSC03940.JPG,H
DSC03941.JPG,H
DSC03942.JPG,H
DSC03943.JPG,H
DSC03944.JPG,H
DSC03945.JPG,H
DSC03946.JPG,H
DSC03947.JPG,H
DSC03948.JPG,H
DSC03949.JPG,H
DSC03950.JPG,H
DSC03951.JPG,H
DSC03952.JPG,H
DSC03953.JPG,H
DSC03954.JPG,H
DSC03955.JPG,H
DSC03956.JPG,H
DSC03957.JPG,H
DSC03958.JPG,H
DSC03959.JPG,H
DSC03960.JPG,H
DSC03961.JPG,H
DSC03962.JPG,H
DSC03963.JPG,H
DSC03964.JPG,H
DSC03965.JPG,H
DSC03966.JPG,H
DSC03967.JPG,H
DSC03968.JPG,H
DSC03969.JPG,H
DSC03970.JPG,H
DSC03971.JPG,H
DSC03972.JPG,H
DSC03973.JPG,H
DSC03974.JPG,H
DSC03975.JPG,H
DSC04599.JPG,H
DSC04600.JPG,H
DSC04601.JPG,H
DSC04602.JPG,H
DSC04603.JPG,H
DSC04604.JPG,H
DSC04605.JPG,H
DSC04606.JPG,H
DSC04607.JPG,H
DSC04608.JPG,H
DSC04609.JPG,H
DSC04610.JPG,H
DSC04611.JPG,H
DSC04612.JPG,H
DSC04613.JPG,H
DSC04614.JPG,H
DSC04615.JPG,H
DSC04616.JPG,H
DSC04617.JPG,H
DSC04618.JPG,H
DSC04619.JPG,H
DSC04620.JPG,H
DSC04621.JPG,H
DSC04622.JPG,H
DSC04623.JPG,H
DSC04624.JPG,H
DSC04625.JPG,H
DSC04626.JPG,H
DSC04627.JPG,H
DSC04628.JPG,H
DSC04629.JPG,H
DSC04630.JPG,H
DSC04631.JPG,H
DSC04632.JPG,H
DSC04633.JPG,H
DSC04634.JPG,H
DSC04635.JPG,H
DSC04636.JPG,H
DSC04637.JPG,H
DSC04638.JPG,H
DSC04639.JPG,H
DSC04640.JPG,H
DSC04641.JPG,H
DSC04642.JPG,H
DSC04643.JPG,H
DSC04644.JPG,H
DSC04645.JPG,H
DSC04646.JPG,H
DSC04647.JPG,H
DSC04648.JPG,H
DSC04649.JPG,H
DSC04650.JPG,H
DSC04652.JPG,H
DSC04653.JPG,H
DSC04654.JPG,H
DSC04655.JPG,H
DSC05183.JPG,H
DSC05184.JPG,H
DSC05185.JPG,H
DSC05186.JPG,H
DSC05187.JPG,H
DSC05188.JPG,H
DSC05189.JPG,H
DSC05190.JPG,H
DSC05191.JPG,H
DSC05192.JPG,H
DSC05193.JPG,H
DSC05194.JPG,H
DSC05195.JPG,H
DSC05196.JPG,H
DSC05197.JPG,H
DSC05198.JPG,H
DSC05199.JPG,H
DSC05200.JPG,H
DSC05201.JPG,H
DSC05202.JPG,H
DSC05203.JPG,H
DSC05204.JPG,H
DSC05205.JPG,H
DSC05206.JPG,H
DSC05207.JPG,H
DSC05208.JPG,H
DSC05209.JPG,H
DSC05210.JPG,H
DSC05211.JPG,H
DSC05212.JPG,H
DSC05213.JPG,H
DSC05214.JPG,H
DSC05215.JPG,H
DSC05216.JPG,H
DSC05217.JPG,H
DSC05218.JPG,H
DSC05219.JPG,H
DSC05220.JPG,H
DSC05221.JPG,H
DSC05222.JPG,H
DSC05223.JPG,H
DSC05224.JPG,H
DSC05225.JPG,H
DSC05226.JPG,H
DSC05227.JPG,H
DSC05228.JPG,H
DSC05229.JPG,H
DSC05230.JPG,H
DSC05231.JPG,H
DSC05232.JPG,H
DSC05233.JPG,H
DSC05235.JPG,H
DSC05236.JPG,H
DSC05237.JPG,H
DSC05238.JPG,H
DSC05239.JPG,H
DSC05240.JPG,H
DSC05241.JPG,H
DSC05242.JPG,H
DSC05243.JPG,H
DSC05244.JPG,H
DSC05245.JPG,H
DSC05246.JPG,H
DSC05247.JPG,H
DSC05248.JPG,H
DSC05249.JPG,H
DSC05250.JPG,H
DSC05251.JPG,H
DSC05252.JPG,H
DSC05253.JPG,H
DSC05254.JPG,H
DSC05255.JPG,H
DSC05256.JPG,H
DSC05258.JPG,H
DSC05259.JPG,H
DSC05260.JPG,H
DSC05261.JPG,H
DSC05262.JPG,H
DSC05263.JPG,H
DSC05264.JPG,H
DSC05265.JPG,H
DSC05266.JPG,H
DSC05267.JPG,H
DSC05268.JPG,H
DSC05269.JPG,H
DSC05270.JPG,H
DSC05271.JPG,H
DSC05272.JPG,H
DSC05273.JPG,H
DSC05274.JPG,H
DSC05275.JPG,H
DSC05276.JPG,H
DSC05277.JPG,H
DSC05278.JPG,H
DSC05279.JPG,H
DSC05280.JPG,H
DSC05281.JPG,H
DSC05282.JPG,H
DSC05283.JPG,H
DSC05284.JPG,H
DSC05285.JPG,H
DSC05286.JPG,H
DSC05291.JPG,H
DSC05292.JPG,H
DSC05293.JPG,H
DSC05294.JPG,H
DSC05295.JPG,H
DSC05306.JPG,H
DSC05307.JPG,H
DSC05308.JPG,H
DSC05309.JPG,H
DSC05311.JPG,H
DSC05312.JPG,H
DSC05314.JPG,H
DSC05319.JPG,H
DSC05321.JPG,H
DSC05322.JPG,H
DSC05324.JPG,H
DSC05325.JPG,H
DSC05326.JPG,H
DSC05327.JPG,H
DSC05328.JPG,H
DSC05329.JPG,H
DSC05330.JPG,H
DSC05333.JPG,H
DSC05334.JPG,H
DSC05336.JPG,H
DSC05337.JPG,H
DSC05338.JPG,H
DSC05339.JPG,H
DSC05340.JPG,H
DSC05341.JPG,H
DSC05342.JPG,H
DSC05343.JPG,H
DSC05344.JPG,H
DSC05345.JPG,H
DSC05346.JPG,H
DSC05348.JPG,H
DSC05351.JPG,B
DSC05352.JPG,B
DSC05353.JPG,B
DSC05354.JPG,B
DSC05355.JPG,B
DSC05356.JPG,B
DSC05357.JPG,B
DSC05358.JPG,B
DSC05359.JPG,B
DSC05363.JPG,B
DSC05364.JPG,B
DSC05365.JPG,B
DSC05367.JPG,B
DSC05369.JPG,B
DSC05370.JPG,B
DSC05371.JPG,B
DSC05373.JPG,B
DSC05374.JPG,B
DSC06331.JPG,B
DSC06332.JPG,B
DSC06333.JPG,B
DSC06334.JPG,B
DSC06336.JPG,B
DSC06338.JPG,B
DSC06339.JPG,B
DSC06341.JPG,B
DSC06342.JPG,B
DSC06343.JPG,B
DSC06344.JPG,B
DSC06345.JPG,B
DSC06346.JPG,B
DSC06348.JPG,B
DSC06350.JPG,B
DSC06351.JPG,B
DSC06352.JPG,B
DSC06353.JPG,B
DSC06354.JPG,B
DSC06357.JPG,B
DSC06358.JPG,B
DSC06359.JPG,B
DSC06360.JPG,B
DSC06361.JPG,B
DSC06362.JPG,B
DSC06363.JPG,B
DSC06364.JPG,B
DSC06365.JPG,B
DSC06366.JPG,B
DSC06367.JPG,B
DSC06368.JPG,B
DSC06369.JPG,B
DSC06370.JPG,B
DSC06371.JPG,B
DSC06372.JPG,B
DSC06373.JPG,B
DSC06374.JPG,B
DSC06375.JPG,B
DSC06376.JPG,B
DSC06377.JPG,B
DSC06378.JPG,B
DSC06379.JPG,B
DSC06380.JPG,B
DSC06381.JPG,B
DSC06382.JPG,B
DSC06383.JPG,B
DSC06384.JPG,B
DSC06385.JPG,B
DSC06386.JPG,B
DSC06387.JPG,B
DSC06388.JPG,B
DSC06389.JPG,B
DSC06390.JPG,B
DSC06391.JPG,B
DSC06392.JPG,B
DSC06393.JPG,B
DSC06394.JPG,B
DSC06395.JPG,B
DSC06396.JPG,B
DSC06397.JPG,B
DSC06398.JPG,B
DSC06399.JPG,B
DSC06400.JPG,B
DSC06401.JPG,B
DSC06402.JPG,B
DSC06403.JPG,B
DSC06404.JPG,B
DSC06405.JPG,B
DSC06406.JPG,B
DSC06407.JPG,B
DSC06408.JPG,B
DSC06409.JPG,B
DSC06410.JPG,B
DSC06411.JPG,B
DSC06412.JPG,B
DSC06413.JPG,B
DSC06414.JPG,B
DSC06415.JPG,B
DSC06416.JPG,B
DSC06417.JPG,B
DSC06418.JPG,B
DSC06419.JPG,B
DSC06420.JPG,B
DSC06421.JPG,B
DSC06422.JPG,B
DSC06423.JPG,B
DSC06424.JPG,B
DSC06425.JPG,B
DSC06426.JPG,B
DSC06427.JPG,B
DSC06428.JPG,B
DSC06429.JPG,B
DSC06430.JPG,B
DSC06431.JPG,B
DSC06432.JPG,B
DSC06433.JPG,B
DSC06434.JPG,B
DSC06435.JPG,B
DSC06436.JPG,B
DSC06437.JPG,B
DSC06438.JPG,B
DSC06439.JPG,B
DSC06440.JPG,B
DSC06441.JPG,B
DSC06442.JPG,B
DSC06443.JPG,B
DSC06444.JPG,B
DSC06445.JPG,B
DSC06446.JPG,B
DSC06447.JPG,B
DSC06448.JPG,B
DSC06449.JPG,B
DSC06450.JPG,B
DSC06451.JPG,B
DSC06452.JPG,B
DSC06453.JPG,B
DSC06455.JPG,B
DSC06456.JPG,B
DSC06457.JPG,B
DSC06458.JPG,B
DSC06460.JPG,B
DSC06461.JPG,B
DSC06462.JPG,B
DSC06463.JPG,B
DSC06464.JPG,B
DSC06465.JPG,B
DSC06466.JPG,B
DSC06467.JPG,B
DSC06468.JPG,B
DSC06469.JPG,B
DSC06470.JPG,B
DSC06471.JPG,B
DSC06472.JPG,B
DSC06473.JPG,B
DSC06474.JPG,B
DSC06475.JPG,B
DSC06476.JPG,B
DSC06477.JPG,B
DSC06478.JPG,B
DSC06479.JPG,B
DSC06480.JPG,B
DSC06481.JPG,B
DSC06482.JPG,B
DSC06483.JPG,B
DSC06484.JPG,B
DSC06485.JPG,B
DSC06486.JPG,B
DSC06487.JPG,B
DSC06488.JPG,B
DSC06489.JPG,B
DSC06490.JPG,B
DSC06491.JPG,B
DSC06492.JPG,B
DSC06493.JPG,B
DSC06494.JPG,B
DSC06495.JPG,B
DSC06496.JPG,B
DSC06497.JPG,B
DSC06498.JPG,B
DSC06499.JPG,B
DSC06500.JPG,B
DSC06501.JPG,B
DSC06502.JPG,B
DSC06503.JPG,B
DSC06504.JPG,B
DSC06505.JPG,B
DSC06506.JPG,B
DSC06507.JPG,B
DSC06508.JPG,B
DSC06509.JPG,B
DSC06511.JPG,B
DSC06512.JPG,B
DSC06513.JPG,B
DSC06514.JPG,B
DSC06515.JPG,B
DSC06516.JPG,B
DSC06517.JPG,B
DSC06518.JPG,B
DSC06519.JPG,B
DSC06520.JPG,B
DSC06521.JPG,B
DSC06522.JPG,B
DSC06523.JPG,B
DSC06524.JPG,B
DSC06525.JPG,B
DSC06526.JPG,B
DSC06527.JPG,B
DSC06528.JPG,B
DSC06529.JPG,B
DSC06530.JPG,B
DSC06531.JPG,B
DSC06532.JPG,B
DSC06533.JPG,B
DSC06534.JPG,B
DSC06535.JPG,B
DSC06536.JPG,B
DSC06537.JPG,B
DSC06538.JPG,B
DSC06539.JPG,B
DSC06540.JPG,B
DSC06541.JPG,B
DSC06542.JPG,B
DSC06543.JPG,B
DSC06544.JPG,B
DSC06545.JPG,B
DSC06546.JPG,B
DSC06547.JPG,B
DSC06548.JPG,B
DSC06549.JPG,B
DSC06550.JPG,B
DSC06551.JPG,B
DSC06552.JPG,B
DSC06553.JPG,B
DSC06554.JPG,B
DSC06555.JPG,B
DSC06556.JPG,B
DSC06557.JPG,B
DSC06558.JPG,B
DSC06559.JPG,B
DSC06560.JPG,B
DSC06561.JPG,B
DSC06562.JPG,B
DSC06563.JPG,B
DSC06564.JPG,B
DSC06565.JPG,B
DSC06566.JPG,B
DSC06567.JPG,B
DSC06568.JPG,B
DSC06569.JPG,B
DSC06570.JPG,B
DSC06571.JPG,B
DSC06572.JPG,B
DSC06573.JPG,B
DSC06574.JPG,B
DSC06575.JPG,B
DSC06576.JPG,B
DSC06577.JPG,B
DSC06578.JPG,B
DSC06579.JPG,B
DSC06580.JPG,B
DSC06581.JPG,B
DSC06582.JPG,B
DSC06583.JPG,B
DSC06584.JPG,B
DSC06585.JPG,B
DSC06586.JPG,B
DSC06587.JPG,B
DSC06588.JPG,B
DSC06589.JPG,B
DSC06590.JPG,B
DSC06591.JPG,B
DSC06592.JPG,B
DSC06593.JPG,B
DSC06594.JPG,B
DSC06595.JPG,B
DSC06596.JPG,B
DSC06597.JPG,B
DSC06598.JPG,B
DSC06599.JPG,B
DSC06600.JPG,B
DSC06601.JPG,B
DSC06602.JPG,B
DSC06603.JPG,B
DSC06604.JPG,B
DSC06605.JPG,B
DSC06606.JPG,B
DSC06607.JPG,B
DSC06608.JPG,B
DSC06609.JPG,B
DSC06610.JPG,B
DSC06611.JPG,B
DSC06612.JPG,B
DSC06613.JPG,B
DSC06614.JPG,B
DSC06615.JPG,B
DSC06616.JPG,B
DSC06617.JPG,B
DSC06618.JPG,B
DSC06619.JPG,B
DSC06620.JPG,B
DSC06621.JPG,B
DSC06622.JPG,B
DSC06623.JPG,B
DSC06624.JPG,B
DSC06625.JPG,B
DSC06626.JPG,B
DSC06627.JPG,B
DSC06628.JPG,B
DSC06629.JPG,B
DSC06630.JPG,B
DSC06631.JPG,B
DSC06632.JPG,B
DSC06633.JPG,B
DSC06634.JPG,B
DSC06635.JPG,B
DSC06636.JPG,B
DSC06637.JPG,B
DSC06638.JPG,B
DSC06639.JPG,B
DSC06640.JPG,B
DSC06641.JPG,B
DSC06642.JPG,B
DSC06643.JPG,B
DSC06644.JPG,B
DSC06645.JPG,B
DSC06646.JPG,B
DSC06647.JPG,B
DSC06648.JPG,B
DSC06649.JPG,B
DSC06650.JPG,B
DSC06651.JPG,B
DSC06653.JPG,B
DSC06654.JPG,B
DSC06655.JPG,B
DSC06656.JPG,B
DSC06657.JPG,B
DSC06658.JPG,B
DSC06659.JPG,B
DSC06660.JPG,B
DSC06661.JPG,B
DSC06662.JPG,B
DSC06663.JPG,B
DSC06664.JPG,B
DSC06665.JPG,B
DSC06666.JPG,B
DSC06667.JPG,B
DSC06668.JPG,B
DSC06669.JPG,B
DSC06670.JPG,B
DSC06671.JPG,B
DSC06672.JPG,B
DSC06673.JPG,B
DSC06674.JPG,B
DSC06675.JPG,B
DSC06676.JPG,B
DSC06677.JPG,B
DSC06678.JPG,B
DSC06679.JPG,B
DSC06680.JPG,B
DSC06681.JPG,B
DSC06682.JPG,B
DSC06683.JPG,B
DSC06684.JPG,B
DSC06685.JPG,B
DSC06686.JPG,B
DSC06687.JPG,B
DSC06688.JPG,B
DSC06689.JPG,B
DSC06690.JPG,B
DSC06691.JPG,B
DSC06692.JPG,B
DSC06693.JPG,B
DSC06694.JPG,B
DSC06695.JPG,B
DSC06696.JPG,B
DSC06697.JPG,B
DSC06698.JPG,B
DSC06699.JPG,B
DSC06700.JPG,B
DSC06701.JPG,B
DSC06702.JPG,B
DSC06703.JPG,B
DSC06704.JPG,B
DSC06705.JPG,B
DSC06835.JPG,B
DSC06842.JPG,B
DSC06843.JPG,B
DSC06844.JPG,B
DSC06845.JPG,B
DSC06846.JPG,B
DSC06847.JPG,B
DSC06848.JPG,B
DSC06849.JPG,B
DSC06850.JPG,B
DSC06851.JPG,B
DSC06852.JPG,B
DSC06853.JPG,B
DSC06854.JPG,B
DSC06855.JPG,B
DSC06856.JPG,B
DSC06857.JPG,B
DSC06858.JPG,B
DSC06859.JPG,B
DSC06860.JPG,B
DSC06861.JPG,B
DSC06862.JPG,B
DSC06863.JPG,B
DSC06864.JPG,B
DSC06865.JPG,B
DSC06866.JPG,B
DSC06867.JPG,B
DSC06868.JPG,B
DSC06869.JPG,B
DSC06870.JPG,B
DSC06871.JPG,B
DSC06872.JPG,B
DSC06873.JPG,B
DSC06874.JPG,B
DSC06875.JPG,B
DSC06876.JPG,B
DSC06877.JPG,B
DSC06878.JPG,B
DSC06879.JPG,B
DSC06880.JPG,B
DSC06881.JPG,B
DSC06882.JPG,B
DSC06883.JPG,B
DSC06884.JPG,B
DSC06885.JPG,B
DSC06886.JPG,B
DSC06887.JPG,B
DSC06888.JPG,B
DSC06889.JPG,B
DSC06890.JPG,B
DSC06891.JPG,B
DSC06892.JPG,B
DSC06893.JPG,B
DSC06894.JPG,B
DSC06895.JPG,B
DSC06896.JPG,B
DSC06897.JPG,B
DSC06898.JPG,B
DSC06899.JPG,B
DSC06900.JPG,B
DSC06901.JPG,B
DSC06902.JPG,B
DSC06903.JPG,B
DSC06904.JPG,B
DSC06905.JPG,B
DSC06906.JPG,B
DSC06907.JPG,B
DSC06908.JPG,B
DSC06909.JPG,B
DSC06910.JPG,B
DSC06911.JPG,B
DSC06912.JPG,B
DSC06913.JPG,B
DSC06914.JPG,B
DSC06915.JPG,B
DSC06916.JPG,B
DSC06917.JPG,B
DSC06918.JPG,B
DSC06919.JPG,B
DSC06920.JPG,B
DSC06921.JPG,B
DSC06922.JPG,B
DSC06923.JPG,B
DSC06924.JPG,B
DSC06925.JPG,B
DSC06926.JPG,B
DSC06927.JPG,B
DSC06928.JPG,B
DSC06929.JPG,B
DSC06930.JPG,B
DSC06931.JPG,B
DSC06932.JPG,B
DSC06933.JPG,B
DSC06934.JPG,B
DSC06935.JPG,B
DSC06936.JPG,B
DSC06937.JPG,B
DSC06938.JPG,B
DSC06939.JPG,B
DSC06940.JPG,B
DSC06941.JPG,B
DSC06942.JPG,B
DSC06943.JPG,B
DSC06944.JPG,B
DSC06945.JPG,B
DSC06946.JPG,B
DSC06947.JPG,B
DSC06948.JPG,B
DSC06949.JPG,B
DSC06950.JPG,B
DSC06951.JPG,B
DSC06952.JPG,B
DSC06953.JPG,B
DSC06954.JPG,B
DSC06955.JPG,B
DSC06956.JPG,B
DSC06957.JPG,B
DSC06958.JPG,B
DSC06959.JPG,B
DSC06960.JPG,B
DSC06961.JPG,B
DSC06962.JPG,B
DSC06963.JPG,B
DSC06964.JPG,B
DSC06965.JPG,B
DSC06966.JPG,B
DSC06967.JPG,B
DSC06968.JPG,B
DSC06969.JPG,B
DSC06970.JPG,B
DSC06971.JPG,B
DSC06972.JPG,B
DSC06973.JPG,B
DSC07113.JPG,B
DSC07114.JPG,B
DSC07115.JPG,B
DSC07116.JPG,B
IMG_6573.Jpeg,B
IMG_6574.Jpeg,B
IMG_6575.Jpeg,B
IMG_6576.Jpeg,H
IMG_6577.Jpeg,B
IMG_6581.Jpeg,B
IMG_6582.Jpeg,B
IMG_6583.Jpeg,B
IMG_6585.Jpeg,B
IMG_6587.Jpeg,B
IMG_6588.Jpeg,H
IMG_6589.Jpeg,B
IMG_6590.Jpeg,H
IMG_6591.Jpeg,B
IMG_6592.Jpeg,B
IMG_6593.Jpeg,H
IMG_6594.Jpeg,B
IMG_6595.Jpeg,B
IMG_6596.Jpeg,B
IMG_6597.Jpeg,B
IMG_6598.Jpeg,B
IMG_6599.Jpeg,H
IMG_6600.Jpeg,H
IMG_6601.Jpeg,B
IMG_6603.Jpeg,B
IMG_6604.Jpeg,H
IMG_6605.Jpeg,H
IMG_6606.Jpeg,B
IMG_6607.Jpeg,B
IMG_6608.Jpeg,B
IMG_6609.Jpeg,H
IMG_6610.Jpeg,B
IMG_6611.Jpeg,B
IMG_6612.Jpeg,B
IMG_6613.Jpeg,B
IMG_6614.Jpeg,B
IMG_6615.Jpeg,H
IMG_6616.Jpeg,B
IMG_6617.Jpeg,B
IMG_6618.Jpeg,B
IMG_6619.Jpeg,B
IMG_6620.Jpeg,B
IMG_6622.Jpeg,B
IMG_6623.Jpeg,B
IMG_6624.Jpeg,B
IMG_6625.Jpeg,B
IMG_6626.Jpeg,H
IMG_6627.Jpeg,B
IMG_6628.Jpeg,B
IMG_6629.Jpeg,B
IMG_6630.Jpeg,B
IMG_6631.Jpeg,H
IMG_6632.Jpeg,H
IMG_6633.Jpeg,B
IMG_6634.Jpeg,H
IMG_6635.Jpeg,B
IMG_6636.Jpeg,B
IMG_6637.Jpeg,B
IMG_6638.Jpeg,B
IMG_6639.Jpeg,B
IMG_6640.Jpeg,B
IMG_6641.Jpeg,B
IMG_6642.Jpeg,H
IMG_6643.Jpeg,H
IMG_6644.Jpeg,H
IMG_6645.Jpeg,H
IMG_6647.Jpeg,B
IMG_6648.Jpeg,B
IMG_6649.Jpeg,B
IMG_6650.Jpeg,B
IMG_6651.Jpeg,B
IMG_6652.Jpeg,B
IMG_6653.Jpeg,B
IMG_6654.Jpeg,B
IMG_6655.Jpeg,B
IMG_6656.Jpeg,B
IMG_6657.Jpeg,H
IMG_6661.Jpeg,H
IMG_6662.Jpeg,H
IMG_6663.Jpeg,H
IMG_6664.Jpeg,B
IMG_6665.Jpeg,B
IMG_6667.Jpeg,B
IMG_6668.Jpeg,B
IMG_6669.Jpeg,B
IMG_6670.Jpeg,H
IMG_6671.Jpeg,H
IMG_6673.Jpeg,H
IMG_6674.Jpeg,B
IMG_6675.Jpeg,B
IMG_6676.Jpeg,B
IMG_6677.Jpeg,B
IMG_6678.Jpeg,B
IMG_6679.Jpeg,B
IMG_6680.Jpeg,B
IMG_6681.Jpeg,B
IMG_6682.Jpeg,H
IMG_6683.Jpeg,B
IMG_6684.Jpeg,H
IMG_6685.Jpeg,B
IMG_6686.Jpeg,B
IMG_6687.Jpeg,B
IMG_6688.Jpeg,B
IMG_6689.Jpeg,B
IMG_6690.Jpeg,H
IMG_6691.Jpeg,B
IMG_6692.Jpeg,B
IMG_6693.Jpeg,B
IMG_6694.Jpeg,H
IMG_6695.Jpeg,B
IMG_6696.Jpeg,H
IMG_6697.Jpeg,H
IMG_6698.Jpeg,H
IMG_6699.Jpeg,H
IMG_6700.Jpeg,H
IMG_6701.Jpeg,H
IMG_6702.Jpeg,H
IMG_6703.Jpeg,H
IMG_6704.Jpeg,H
IMG_6705.Jpeg,H
IMG_6706.Jpeg,H
IMG_6707.Jpeg,B
IMG_6708.Jpeg,B
IMG_6709.Jpeg,H
IMG_6710.Jpeg,B
IMG_6711.Jpeg,B
IMG_6712.Jpeg,B
IMG_6713.Jpeg,B
IMG_6714.Jpeg,H
IMG_6715.Jpeg,B
IMG_6716.Jpeg,H
IMG_6717.Jpeg,B
IMG_6718.Jpeg,H
IMG_6719.Jpeg,H
IMG_6720.Jpeg,B
IMG_6721.Jpeg,B
IMG_6722.Jpeg,B
IMG_6723.Jpeg,B
IMG_6724.Jpeg,B
IMG_6725.Jpeg,B
IMG_6726.Jpeg,B
IMG_6727.Jpeg,H
IMG_6728.Jpeg,B
IMG_6729.Jpeg,H
IMG_6730.Jpeg,B
IMG_6731.Jpeg,H
IMG_6732.Jpeg,H
IMG_6733.Jpeg,B
IMG_6734.Jpeg,H
IMG_6735.Jpeg,H
IMG_6736.Jpeg,H
IMG_6737.Jpeg,H
IMG_6738.Jpeg,H
IMG_6739.Jpeg,H
IMG_6740.Jpeg,H
IMG_6741.Jpeg,H
IMG_6742.Jpeg,H
IMG_6743.Jpeg,H
IMG_6744.Jpeg,H
IMG_6746.Jpeg,H
IMG_6747.Jpeg,B
IMG_6748.Jpeg,B
IMG_6749.Jpeg,B
IMG_6751.Jpeg,B
IMG_6752.Jpeg,H
IMG_6753.Jpeg,H
IMG_6755.Jpeg,B
IMG_6756.Jpeg,B
IMG_6757.Jpeg,B
