DSC00025.JPG,B
DSC00031.JPG,B
DSC00033.JPG,B
DSC00076.JPG,B
DSC00094.JPG,B
DSC00100.JPG,B
DSC00108.JPG,B
DSC00109.JPG,B
DSC00118.JPG,B
DSC00131.JPG,B
DSC00132.JPG,B
DSC00140.JPG,B
DSC00146.JPG,B
DSC00148.JPG,B
DSC00149.JPG,B
DSC00160.JPG,B
DSC00161.JPG,B
DSC00167.JPG,B
DSC00174.JPG,B
DSC00191.JPG,B
DSC00197.JPG,B
DSC00200.JPG,B
DSC00203.JPG,B
DSC00207.JPG,B
DSC00226.JPG,B
DSC00238.JPG,B
DSC00239.JPG,B
DSC00271.JPG,B
DSC00299.JPG,B
DSC00301.JPG,B
DSC00304.JPG,B
DSC00307.JPG,B
DSC00315.JPG,B
DSC00327.JPG,B
DSC00330.JPG,B
DSC00336.JPG,B
DSC00337.JPG,B
DSC00356.JPG,B
DSC00531.JPG,B
DSC00533.JPG,B
DSC00535.JPG,B
DSC03026.JPG,B
DSC03038.JPG,B
DSC03039.JPG,B
DSC03043.JPG,B
DSC03048.JPG,B
DSC03053.JPG,B
DSC03054.JPG,B
DSC03055.JPG,B
DSC03056.JPG,B
DSC03057.JPG,B
DSC03060.JPG,B
DSC03064.JPG,B
DSC03066.JPG,B
DSC03073.JPG,B
DSC03075.JPG,B
DSC03079.JPG,B
DSC03082.JPG,B
DSC03083.JPG,B
DSC03085.JPG,B
DSC03086.JPG,B
DSC03087.JPG,B
DSC03088.JPG,B
DSC03094.JPG,B
DSC03097.JPG,B
DSC03101.JPG,B
DSC03103.JPG,B
DSC03106.JPG,B
DSC03110.JPG,B
DSC03111.JPG,B
DSC03112.JPG,B
DSC03115.JPG,B
DSC03119.JPG,B
DSC03126.JPG,B
DSC03128.JPG,B
DSC03130.JPG,B
DSC03137.JPG,B
DSC03144.JPG,B
DSC03146.JPG,B
DSC03148.JPG,B
DSC03154.JPG,B
DSC03169.JPG,B
DSC03175.JPG,B
DSC03178.JPG,B
DSC03179.JPG,B
DSC03194.JPG,B
DSC03196.JPG,B
DSC05360.JPG,B
DSC05361.JPG,B
DSC05362.JPG,B
DSC05366.JPG,B
DSC05368.JPG,B
DSC05372.JPG,B
DSC06335.JPG,B
DSC06337.JPG,B
DSC06340.JPG,B
DSC06347.JPG,B
DSC06349.JPG,B
DSC06355.JPG,B
DSC06356.JPG,B
DSC00027.JPG,H
DSC00029.JPG,H
DSC00030.JPG,H
DSC00036.JPG,H
DSC00037.JPG,H
DSC00038.JPG,H
DSC00039.JPG,H
DSC00040.JPG,H
DSC00047.JPG,H
DSC00048.JPG,H
DSC00049.JPG,H
DSC00077.JPG,H
DSC00079.JPG,H
DSC00080.JPG,H
DSC00081.JPG,H
DSC00082.JPG,H
DSC00085.JPG,H
DSC00086.JPG,H
DSC00092.JPG,H
DSC00093.JPG,H
DSC00095.JPG,H
DSC00096.JPG,H
DSC00099.JPG,H
DSC00101.JPG,H
DSC00119.JPG,H
DSC00123.JPG,H
DSC00130.JPG,H
DSC00134.JPG,H
DSC00136.JPG,H
DSC00150.JPG,H
DSC00152.JPG,H
DSC00155.JPG,H
DSC00157.JPG,H
DSC00158.JPG,H
DSC00159.JPG,H
DSC00162.JPG,H
DSC00163.JPG,H
DSC00165.JPG,H
DSC00169.JPG,H
DSC00177.JPG,H
DSC00256.JPG,H
DSC00264.JPG,H
DSC00266.JPG,H
DSC00302.JPG,H
DSC00347.JPG,H
DSC00362.JPG,H
DSC00474.JPG,H
DSC00538.JPG,H
DSC00543.JPG,H
DSC00550.JPG,H
DSC05287.JPG,H
DSC05288.JPG,H
DSC05289.JPG,H
DSC05290.JPG,H
DSC05296.JPG,H
DSC05297.JPG,H
DSC05298.JPG,H
DSC05299.JPG,H
DSC05300.JPG,H
DSC05301.JPG,H
DSC05302.JPG,H
DSC05303.JPG,H
DSC05304.JPG,H
DSC05305.JPG,H
DSC05310.JPG,H
DSC05313.JPG,H
DSC05315.JPG,H
DSC05316.JPG,H
DSC05317.JPG,H
DSC05318.JPG,H
DSC05320.JPG,H
DSC05323.JPG,H
DSC05331.JPG,H
DSC05332.JPG,H
DSC05335.JPG,H
DSC05347.JPG,H
DSC05349.JPG,H
